{
    "monad/src/Activities/WmiActivities.cs":  "Activities/WmiActivities.cs",
    "monad/src/Activities/GetCimAssociatedInstanceActivity.cs":  "Activities/GetCimAssociatedInstanceActivity.cs",
    "monad/src/Activities/GetCimClassActivity.cs":  "Activities/GetCimClassActivity.cs",
    "monad/src/Activities/GetCimInstanceActivity.cs":  "Activities/GetCimInstanceActivity.cs",
    "monad/src/Activities/InvokeCimMethodActivity.cs":  "Activities/InvokeCimMethodActivity.cs",
    "monad/src/Activities/NewCimInstanceActivity.cs":  "Activities/NewCimInstanceActivity.cs",
    "monad/src/Activities/NewCimSessionActivity.cs":  "Activities/NewCimSessionActivity.cs",
    "monad/src/Activities/NewCimSessionOptionActivity.cs":  "Activities/NewCimSessionOptionActivity.cs",
    "monad/src/Activities/RemoveCimInstanceActivity.cs":  "Activities/RemoveCimInstanceActivity.cs",
    "monad/src/Activities/SetCimInstanceActivity.cs":  "Activities/SetCimInstanceActivity.cs",
    "monad/src/Activities/InlineScript.cs":  "Activities/InlineScript.cs",
    "monad/src/Activities/IsArgumentSet.cs":  "Activities/IsArgumentSet.cs",
    "monad/src/Activities/ThrottledParallelForeach.cs":  "Activities/ThrottledParallelForeach.cs",
    "monad/src/Activities/PSPersist.cs":  "Activities/PSPersist.cs",
    "monad/src/Activities/GetPSWorkflowData.cs":  "Activities/GetPSWorkflowData.cs",
    "monad/src/Activities/SetHostValue.cs":  "Activities/SetHostValue.cs",
    "monad/src/Activities/InlineScriptDesigner.xaml.cs":  "Activities/InlineScriptDesigner.xaml.cs",
    "monad/src/Activities/ActivityGenerator.cs":  "Activities/ActivityGenerator.cs",
    "monad/src/Activities/PowerShellValue.cs":  "Activities/PowerShellValue.cs",
    "monad/src/Activities/Pipeline.cs":  "Activities/Pipeline.cs",
    "monad/src/Activities/PipelineDesigner.xaml.cs":  "Activities/PipelineDesigner.xaml.cs",
    "monad/src/Activities/WorkflowJobConverter.cs":  "Activities/WorkflowJobConverter.cs",
    "monad/src/Activities/PipelineDesigner.xaml":  "Xamls/PipelineDesigner.xaml",
    "monad/src/Activities/InlineScriptDesigner.xaml":  "Xamls/InlineScriptDesigner.xaml",
    "monad/src/Activities/resources/ActivityResources.resx":  "resources/ActivityResources.resx"
}
