{
    "monad/src/DotNetCode/Eventing/Reader/ProviderMetadataCachedInformation.cs":  "DotNetCode/Eventing/Reader/ProviderMetadataCachedInformation.cs",
    "monad/src/DotNetCode/Eventing/Reader/EventLogStatus.cs":  "DotNetCode/Eventing/Reader/EventLogStatus.cs",
    "monad/src/DotNetCode/Eventing/Reader/EventLogPropertySelector.cs":  "DotNetCode/Eventing/Reader/EventLogPropertySelector.cs",
    "monad/src/DotNetCode/Eventing/Reader/EventOpcode.cs":  "DotNetCode/Eventing/Reader/EventOpcode.cs",
    "monad/src/DotNetCode/Eventing/Reader/EventLogHandle.cs":  "DotNetCode/Eventing/Reader/EventLogHandle.cs",
    "monad/src/DotNetCode/Eventing/Reader/EventKeyword.cs":  "DotNetCode/Eventing/Reader/EventKeyword.cs",
    "monad/src/DotNetCode/Eventing/Reader/EventLogQuery.cs":  "DotNetCode/Eventing/Reader/EventLogQuery.cs",
    "monad/src/DotNetCode/Eventing/Reader/EventLogLink.cs":  "DotNetCode/Eventing/Reader/EventLogLink.cs",
    "monad/src/DotNetCode/Eventing/Reader/EventMetadata.cs":  "DotNetCode/Eventing/Reader/EventMetadata.cs",
    "monad/src/DotNetCode/Eventing/Reader/EventLogReader.cs":  "DotNetCode/Eventing/Reader/EventLogReader.cs",
    "monad/src/DotNetCode/Eventing/Reader/EventProperty.cs":  "DotNetCode/Eventing/Reader/EventProperty.cs",
    "monad/src/DotNetCode/Eventing/Reader/EventBookmark.cs":  "DotNetCode/Eventing/Reader/EventBookmark.cs",
    "monad/src/DotNetCode/Eventing/Reader/EventLogInformation.cs":  "DotNetCode/Eventing/Reader/EventLogInformation.cs",
    "monad/src/DotNetCode/Eventing/EventProvider.cs":  "DotNetCode/Eventing/EventProvider.cs",
    "monad/src/DotNetCode/Eventing/Reader/NativeWrapper.cs":  "DotNetCode/Eventing/Reader/NativeWrapper.cs",
    "monad/src/DotNetCode/Eventing/Reader/Winmeta.cs":  "DotNetCode/Eventing/Reader/Winmeta.cs",
    "monad/src/DotNetCode/Eventing/Reader/EventTask.cs":  "DotNetCode/Eventing/Reader/EventTask.cs",
    "monad/src/DotNetCode/Eventing/Reader/EventRecord.cs":  "DotNetCode/Eventing/Reader/EventRecord.cs",
    "monad/src/DotNetCode/Eventing/Reader/CoTaskMemSafeHandle.cs":  "DotNetCode/Eventing/Reader/CoTaskMemSafeHandle.cs",
    "monad/src/DotNetCode/Eventing/Reader/EventLogRecord.cs":  "DotNetCode/Eventing/Reader/EventLogRecord.cs",
    "monad/src/DotNetCode/Eventing/EventProviderTraceListener.cs":  "DotNetCode/Eventing/EventProviderTraceListener.cs",
    "monad/src/DotNetCode/Eventing/Reader/EventLogException.cs":  "DotNetCode/Eventing/Reader/EventLogException.cs",
    "monad/src/DotNetCode/Eventing/Reader/EventLogSession.cs":  "DotNetCode/Eventing/Reader/EventLogSession.cs",
    "monad/src/DotNetCode/Eventing/EventDescriptor.cs":  "DotNetCode/Eventing/EventDescriptor.cs",
    "monad/src/DotNetCode/Eventing/UnsafeNativeMethods.cs":  "DotNetCode/Eventing/UnsafeNativeMethods.cs",
    "monad/src/DotNetCode/Eventing/resources/DotNetEventingStrings.resx":  "resources/DotNetEventingStrings.resx",
    "monad/src/DotNetCode/Eventing/Reader/EventPropertyContext.cs":  "DotNetCode/Eventing/Reader/EventPropertyContext.cs",
    "monad/src/DotNetCode/Eventing/Reader/CoTaskMemUnicodeSafeHandle.cs":  "DotNetCode/Eventing/Reader/CoTaskMemUnicodeSafeHandle.cs",
    "monad/src/DotNetCode/Eventing/Reader/EventLevel.cs":  "DotNetCode/Eventing/Reader/EventLevel.cs",
    "monad/src/DotNetCode/Eventing/Reader/EventLogConfiguration.cs":  "DotNetCode/Eventing/Reader/EventLogConfiguration.cs",
    "monad/src/DotNetCode/Eventing/Reader/ProviderMetadata.cs":  "DotNetCode/Eventing/Reader/ProviderMetadata.cs"
}
