{
    "monad/src/host/msh/resources/ConsoleHostUserInterfaceSecurityResources.resx":  "resources/ConsoleHostUserInterfaceSecurityResources.resx",
    "monad/src/host/msh/StopTranscriptCmdlet.cs":  "host/msh/StopTranscriptCmdlet.cs",
    "monad/src/host/msh/ConsoleHostUserInterfacePrompt.cs":  "host/msh/ConsoleHostUserInterfacePrompt.cs",
    "monad/src/host/msh/ManagedEntrance.cs":  "host/msh/ManagedEntrance.cs",
    "monad/src/host/msh/Serialization.cs":  "host/msh/Serialization.cs",
    "monad/src/host/msh/ConsoleHostUserInterface.cs":  "host/msh/ConsoleHostUserInterface.cs",
    "monad/src/host/msh/StartTranscriptCmdlet.cs":  "host/msh/StartTranscriptCmdlet.cs",
    "monad/src/host/msh/resources/ProgressNodeStrings.resx":  "resources/ProgressNodeStrings.resx",
    "monad/src/host/msh/resources/ConsoleHostRawUserInterfaceStrings.resx":  "resources/ConsoleHostRawUserInterfaceStrings.resx",
    "monad/src/host/msh/PendingProgress.cs":  "host/msh/PendingProgress.cs",
    "monad/src/host/msh/ConsoletextWriter.cs":  "host/msh/ConsoleTextWriter.cs",
    "monad/src/host/msh/resources/ConsoleControlStrings.resx":  "resources/ConsoleControlStrings.resx",
    "monad/src/host/msh/ConsoleHostUserInterfacePromptForChoice.cs":  "host/msh/ConsoleHostUserInterfacePromptForChoice.cs",
    "monad/src/host/msh/ConsoleShell.cs":  "host/msh/ConsoleShell.cs",
    "monad/src/host/msh/ConsoleHostUserInterfaceSecurity.cs":  "host/msh/ConsoleHostUserInterfaceSecurity.cs",
    "monad/src/host/msh/ConsoleControl.cs":  "host/msh/ConsoleControl.cs",
    "monad/src/host/msh/resources/HostMshSnapinResources.resx":  "resources/HostMshSnapinResources.resx",
    "monad/src/host/msh/ConsoleHostTranscript.cs":  "host/msh/ConsoleHostTranscript.cs",
    "monad/src/host/msh/ConsoleHostUserInterfaceProgress.cs":  "host/msh/ConsoleHostUserInterfaceProgress.cs",
    "monad/src/host/msh/CommandLineParameterParser.cs":  "host/msh/CommandLineParameterParser.cs",
    "monad/src/host/msh/Executor.cs":  "host/msh/Executor.cs",
    "monad/src/host/msh/ProgressNode.cs":  "host/msh/ProgressNode.cs",
    "monad/src/host/msh/resources/ConsoleHostUserInterfaceStrings.resx":  "resources/ConsoleHostUserInterfaceStrings.resx",
    "monad/src/host/msh/resources/ConsoleHostStrings.resx":  "resources/ConsoleHostStrings.resx",
    "monad/src/host/msh/ProgressPane.cs":  "host/msh/ProgressPane.cs",
    "monad/src/host/msh/resources/TranscriptStrings.resx":  "resources/TranscriptStrings.resx",
    "monad/src/singleshell/installer/MshHostMshSnapin.cs":  "singleshell/installer/MshHostMshSnapin.cs",
    "monad/src/host/msh/resources/CommandLineParameterParserStrings.resx":  "resources/CommandLineParameterParserStrings.resx",
    "monad/src/host/msh/resources/ManagedEntranceStrings.resx":  "resources/ManagedEntranceStrings.resx",
    "monad/src/singleshell/installer/EngineInstaller.cs":  "singleshell/installer/EngineInstaller.cs",
    "monad/src/host/msh/ConsoleHostRawUserInterface.cs":  "host/msh/ConsoleHostRawUserInterface.cs",
    "monad/src/host/msh/ConsoleHost.cs":  "host/msh/ConsoleHost.cs"
}
