{
    "wmi/Events/GetEvent/src/CommonUtils.cs":  "CommonUtils.cs",
    "wmi/Events/GetEvent/src/CounterFileInfo.cs": "CounterFileInfo.cs",
    "wmi/Events/GetEvent/src/CounterSample.cs": "CounterSample.cs",
    "wmi/Events/GetEvent/src/CounterSet.cs": "CounterSet.cs",
    "wmi/Events/GetEvent/src/ExportCounterCommand.cs": "ExportCounterCommand.cs",
    "wmi/Events/GetEvent/src/GetCounterCommand.cs": "GetCounterCommand.cs",
    "wmi/Events/GetEvent/src/GetEventCommand.cs": "GetEventCommand.cs",
    "wmi/Events/GetEvent/src/GetEventSnapin.cs": "GetEventSnapin.cs",
    "wmi/Events/GetEvent/src/ImportCounterCommand.cs": "ImportCounterCommand.cs",
    "wmi/Events/GetEvent/src/NewWinEventCommand.cs": "NewWinEventCommand.cs",
    "wmi/Events/GetEvent/src/PdhHelper.cs": "PdhHelper.cs",
    "wmi/Events/GetEvent/src/PdhSafeHandle.cs":  "PdhSafeHandle.cs",
    "wmi/Events/GetEvent/src/resources/GetEventResources.txt": "resources/GetEventResources.txt"
}
