{
    "monad/src/commands/utility/AddMember.cs":  "commands/utility/AddMember.cs",
    "monad/src/commands/utility/AddType.cs":  "commands/utility/AddType.cs",
    "monad/src/commands/utility/compare-object.cs":  "commands/utility/compare-object.cs",
    "monad/src/commands/utility/ConsoleColorCmdlet.cs":  "commands/utility/ConsoleColorCmdlet.cs",
    "monad/src/commands/utility/convert-HTML.cs":  "commands/utility/convert-HTML.cs",
    "monad/src/commands/utility/ConvertFrom-StringData.cs":  "commands/utility/ConvertFrom-StringData.cs",
    "monad/src/commands/utility/Csv.cs":  "commands/utility/Csv.cs",
    "monad/src/commands/utility/CSVCommands.cs":  "commands/utility/CSVCommands.cs",
    "monad/src/commands/utility/CustomSerialization.cs":  "commands/utility/CustomSerialization.cs",
    "monad/src/commands/utility/CustomSerializationStrings.cs":  "commands/utility/CustomSerializationStrings.cs",
    "monad/src/commands/utility/DebugRunspaceCommand.cs":  "commands/utility/DebugRunspaceCommand.cs",
    "monad/src/commands/utility/Disable-PSBreakpoint.cs":  "commands/utility/Disable-PSBreakpoint.cs",
    "monad/src/commands/utility/Enable-PSBreakpoint.cs":  "commands/utility/Enable-PSBreakpoint.cs",
    "monad/src/commands/utility/EnableDisableRunspaceDebugCommand.cs":  "commands/utility/EnableDisableRunspaceDebugCommand.cs",
    "monad/src/commands/utility/ExportAliasCommand.cs":  "commands/utility/ExportAliasCommand.cs",
    "monad/src/commands/utility/FormatAndOutput/common/GetFormatDataCommand.cs":  "commands/utility/FormatAndOutput/common/GetFormatDataCommand.cs",
    "monad/src/commands/utility/FormatAndOutput/common/WriteFormatDataCommand.cs":  "commands/utility/FormatAndOutput/common/WriteFormatDataCommand.cs",
    "monad/src/commands/utility/FormatAndOutput/format-list/Format-List.cs":  "commands/utility/FormatAndOutput/format-list/Format-List.cs",
    "monad/src/commands/utility/FormatAndOutput/format-object/format-object.cs":  "commands/utility/FormatAndOutput/format-object/format-object.cs",
    "monad/src/commands/utility/FormatAndOutput/format-table/Format-Table.cs":  "commands/utility/FormatAndOutput/format-table/Format-Table.cs",
    "monad/src/commands/utility/FormatAndOutput/format-wide/Format-Wide.cs":  "commands/utility/FormatAndOutput/format-wide/Format-Wide.cs",
    "monad/src/commands/utility/FormatAndOutput/out-file/Out-File.cs":  "commands/utility/FormatAndOutput/out-file/Out-File.cs",
    "monad/src/commands/utility/FormatAndOutput/out-printer/out-printer.cs":  "commands/utility/FormatAndOutput/out-printer/out-printer.cs",
    "monad/src/commands/utility/FormatAndOutput/out-printer/PrinterLineOutput.cs":  "commands/utility/FormatAndOutput/out-printer/PrinterLineOutput.cs",
    "monad/src/commands/utility/FormatAndOutput/out-string/out-string.cs":  "commands/utility/FormatAndOutput/out-string/out-string.cs",
    "monad/src/commands/utility/FormatAndOutput/OutGridView/ColumnInfo.cs":  "commands/utility/FormatAndOutput/OutGridView/ColumnInfo.cs",
    "monad/src/commands/utility/FormatAndOutput/OutGridView/ExpressionColumnInfo.cs":  "commands/utility/FormatAndOutput/OutGridView/ExpressionColumnInfo.cs",
    "monad/src/commands/utility/FormatAndOutput/OutGridView/HeaderInfo.cs":  "commands/utility/FormatAndOutput/OutGridView/HeaderInfo.cs",
    "monad/src/commands/utility/FormatAndOutput/OutGridView/OriginalColumnInfo.cs":  "commands/utility/FormatAndOutput/OutGridView/OriginalColumnInfo.cs",
    "monad/src/commands/utility/FormatAndOutput/OutGridView/OutGridViewCommand.cs":  "commands/utility/FormatAndOutput/OutGridView/OutGridViewCommand.cs",
    "monad/src/commands/utility/FormatAndOutput/OutGridView/OutWindowProxy.cs":  "commands/utility/FormatAndOutput/OutGridView/OutWindowProxy.cs",
    "monad/src/commands/utility/FormatAndOutput/OutGridView/ScalarTypeColumnInfo.cs":  "commands/utility/FormatAndOutput/OutGridView/ScalarTypeColumnInfo.cs",
    "monad/src/commands/utility/FormatAndOutput/OutGridView/TableView.cs":  "commands/utility/FormatAndOutput/OutGridView/TableView.cs",
    "monad/src/commands/utility/Get-PSBreakpoint.cs":  "commands/utility/Get-PSBreakpoint.cs",
    "monad/src/commands/utility/Get-PSCallStack.cs":  "commands/utility/Get-PSCallStack.cs",
    "monad/src/commands/utility/GetAliasCommand.cs":  "commands/utility/GetAliasCommand.cs",
    "monad/src/commands/utility/GetCultureCommand.cs":  "commands/utility/GetCultureCommand.cs",
    "monad/src/commands/utility/GetDateCommand.cs":  "commands/utility/GetDateCommand.cs",
    "monad/src/commands/utility/GetEventCommand.cs":  "commands/utility/GetEventCommand.cs",
    "monad/src/commands/utility/GetEventSubscriberCommand.cs":  "commands/utility/GetEventSubscriberCommand.cs",
    "monad/src/commands/utility/GetHostCmdlet.cs":  "commands/utility/GetHostCmdlet.cs",
    "monad/src/commands/utility/GetMember.cs":  "commands/utility/GetMember.cs",
    "monad/src/commands/utility/GetRandomCommand.cs":  "commands/utility/GetRandomCommand.cs",
    "monad/src/commands/utility/GetRunspaceCommand.cs":  "commands/utility/GetRunspaceCommand.cs",
    "monad/src/commands/utility/GetUICultureCommand.cs":  "commands/utility/GetUICultureCommand.cs",
    "monad/src/commands/utility/GetUnique.cs":  "commands/utility/GetUnique.cs",
    "monad/src/commands/utility/group-object.cs":  "commands/utility/group-object.cs",
    "monad/src/commands/utility/ImplicitRemotingCommands.cs":  "commands/utility/ImplicitRemotingCommands.cs",
    "monad/src/commands/utility/Import-LocalizedData.cs":  "commands/utility/Import-LocalizedData.cs",
    "monad/src/commands/utility/ImportAliasCommand.cs":  "commands/utility/ImportAliasCommand.cs",
    "monad/src/commands/utility/InvokeCommandCmdlet.cs":  "commands/utility/InvokeCommandCmdlet.cs",
    "monad/src/commands/utility/MatchString.cs":  "commands/utility/MatchString.cs",
    "monad/src/commands/utility/Measure-Object.cs":  "commands/utility/Measure-Object.cs",
    "monad/src/commands/utility/new-object.cs":  "commands/utility/new-object.cs",
    "monad/src/commands/utility/NewAliasCommand.cs":  "commands/utility/NewAliasCommand.cs",
    "monad/src/commands/utility/neweventcommand.cs":  "commands/utility/neweventcommand.cs",
    "monad/src/commands/utility/NewTimeSpanCommand.cs":  "commands/utility/NewTimeSpanCommand.cs",
    "monad/src/commands/utility/ObjectCommandComparer.cs":  "commands/utility/ObjectCommandComparer.cs",
    "monad/src/commands/utility/OrderObjectBase.cs":  "commands/utility/OrderObjectBase.cs",
    "monad/src/commands/utility/ReadConsoleCmdlet.cs":  "commands/utility/ReadConsoleCmdlet.cs",
    "monad/src/commands/utility/RegisterObjectEventCommand.cs":  "commands/utility/RegisterObjectEventCommand.cs",
    "monad/src/commands/utility/RegisterPSEventCommand.cs":  "commands/utility/RegisterPSEventCommand.cs",
    "monad/src/commands/utility/Remove-PSBreakpoint.cs":  "commands/utility/Remove-PSBreakpoint.cs",
    "monad/src/commands/utility/RemoveEventCommand.cs":  "commands/utility/RemoveEventCommand.cs",
    "monad/src/commands/utility/resources/AddMember.resx":  "resources/AddMember.resx",
    "monad/src/commands/utility/resources/AddTypeStrings.resx":  "resources/AddTypeStrings.resx",
    "monad/src/commands/utility/resources/AliasCommandStrings.resx":  "resources/AliasCommandStrings.resx",
    "monad/src/commands/utility/resources/ConvertFromStringData.resx":  "resources/ConvertFromStringData.resx",
    "monad/src/commands/utility/resources/ConvertFromStringResources.resx":  "resources/ConvertFromStringResources.resx",
    "monad/src/commands/utility/resources/ConvertStringResources.resx":  "resources/ConvertStringResources.resx",
    "monad/src/commands/utility/resources/CsvCommandStrings.resx":  "resources/CsvCommandStrings.resx",
    "monad/src/commands/utility/resources/Debugger.resx":  "resources/Debugger.resx",
    "monad/src/commands/utility/resources/EventingStrings.resx":  "resources/EventingStrings.resx",
    "monad/src/commands/utility/resources/FlashExtractStrings.resx":  "resources/FlashExtractStrings.resx",
    "monad/src/commands/utility/resources/FormatAndOut_out_gridview.resx":  "resources/FormatAndOut_out_gridview.resx",
    "monad/src/commands/utility/resources/GetMember.resx":  "resources/GetMember.resx",
    "monad/src/commands/utility/resources/GetRandomCommandStrings.resx":  "resources/GetRandomCommandStrings.resx",
    "monad/src/commands/utility/resources/HostStrings.resx":  "resources/HostStrings.resx",
    "monad/src/commands/utility/resources/HttpCommandStrings.resx":  "resources/HttpCommandStrings.resx",
    "monad/src/commands/utility/resources/ImmutableStrings.resx":  "resources/ImmutableStrings.resx",
    "monad/src/commands/utility/resources/ImplicitRemotingStrings.resx":  "resources/ImplicitRemotingStrings.resx",
    "monad/src/commands/utility/resources/ImportLocalizedDataStrings.resx":  "resources/ImportLocalizedDataStrings.resx",
    "monad/src/commands/utility/resources/MatchStringStrings.resx":  "resources/MatchStringStrings.resx",
    "monad/src/commands/utility/resources/MeasureObjectStrings.resx":  "resources/MeasureObjectStrings.resx",
    "monad/src/commands/utility/resources/NewObjectStrings.resx":  "resources/NewObjectStrings.resx",
    "monad/src/commands/utility/resources/OutPrinterDisplayStrings.resx":  "resources/OutPrinterDisplayStrings.resx",
    "monad/src/commands/utility/resources/SelectObjectStrings.resx":  "resources/SelectObjectStrings.resx",
    "monad/src/commands/utility/resources/SendMailMessageStrings.resx":  "resources/SendMailMessageStrings.resx",
    "monad/src/commands/utility/resources/SortObjectStrings.resx":  "resources/SortObjectStrings.resx",
    "monad/src/commands/utility/resources/TraceCommandStrings.resx":  "resources/TraceCommandStrings.resx",
    "monad/src/commands/utility/resources/UpdateDataStrings.resx":  "resources/UpdateDataStrings.resx",
    "monad/src/commands/utility/resources/UpdateListStrings.resx":  "resources/UpdateListStrings.resx",
    "monad/src/commands/utility/resources/UtilityCommonStrings.resx":  "resources/UtilityCommonStrings.resx",
    "monad/src/commands/utility/resources/UtilityMshSnapinResources.resx":  "resources/UtilityMshSnapinResources.resx",
    "monad/src/commands/utility/resources/VariableCommandStrings.resx":  "resources/VariableCommandStrings.resx",
    "monad/src/commands/utility/resources/WebCmdletStrings.resx":  "resources/WebCmdletStrings.resx",
    "monad/src/commands/utility/resources/WriteErrorStrings.resx":  "resources/WriteErrorStrings.resx",
    "monad/src/commands/utility/resources/WriteProgressResourceStrings.resx":  "resources/WriteProgressResourceStrings.resx",
    "monad/src/commands/utility/select-object.cs":  "commands/utility/select-object.cs",
    "monad/src/commands/utility/Send-MailMessage.cs":  "commands/utility/Send-MailMessage.cs",
    "monad/src/commands/utility/Set-PSBreakpoint.cs":  "commands/utility/Set-PSBreakpoint.cs",
    "monad/src/commands/utility/SetAliasCommand.cs":  "commands/utility/SetAliasCommand.cs",
    "monad/src/commands/utility/SetDateCommand.cs":  "commands/utility/SetDateCommand.cs",
    "monad/src/commands/utility/ShowCommand/ShowCommand.cs":  "commands/utility/ShowCommand/ShowCommand.cs",
    "monad/src/commands/utility/ShowCommand/ShowCommandCommandInfo.cs":  "commands/utility/ShowCommand/ShowCommandCommandInfo.cs",
    "monad/src/commands/utility/ShowCommand/ShowCommandModuleInfo.cs":  "commands/utility/ShowCommand/ShowCommandModuleInfo.cs",
    "monad/src/commands/utility/ShowCommand/ShowCommandParameterInfo.cs":  "commands/utility/ShowCommand/ShowCommandParameterInfo.cs",
    "monad/src/commands/utility/ShowCommand/ShowCommandParameterSetInfo.cs":  "commands/utility/ShowCommand/ShowCommandParameterSetInfo.cs",
    "monad/src/commands/utility/ShowCommand/ShowCommandParameterType.cs":  "commands/utility/ShowCommand/ShowCommandParameterType.cs",
    "monad/src/commands/utility/ShowCommand/ShowCommandProxy.cs":  "commands/utility/ShowCommand/ShowCommandProxy.cs",
    "monad/src/commands/utility/sort-object.cs":  "commands/utility/sort-object.cs",
    "monad/src/commands/utility/StartSleepCommand.cs":  "commands/utility/StartSleepCommand.cs",
    "monad/src/commands/utility/tee-object.cs":  "commands/utility/tee-object.cs",
    "monad/src/commands/utility/TimeExpressionCommand.cs":  "commands/utility/TimeExpressionCommand.cs",
    "monad/src/commands/utility/trace/GetTracerCommand.cs":  "commands/utility/trace/GetTracerCommand.cs",
    "monad/src/commands/utility/trace/MshHostTraceListener.cs":  "commands/utility/trace/MshHostTraceListener.cs",
    "monad/src/commands/utility/trace/SetTracerCommand.cs":  "commands/utility/trace/SetTracerCommand.cs",
    "monad/src/commands/utility/trace/TraceCommandBase.cs":  "commands/utility/trace/TraceCommandBase.cs",
    "monad/src/commands/utility/trace/TraceExpressionCommand.cs":  "commands/utility/trace/TraceExpressionCommand.cs",
    "monad/src/commands/utility/trace/TraceListenerCommandBase.cs":  "commands/utility/trace/TraceListenerCommandBase.cs",
    "monad/src/commands/utility/UnblockFile.cs":  "commands/utility/UnblockFile.cs",
    "monad/src/commands/utility/UnregisterEventCommand.cs":  "commands/utility/UnregisterEventCommand.cs",
    "monad/src/commands/utility/Update-Data.cs":  "commands/utility/Update-Data.cs",
    "monad/src/commands/utility/update-list.cs":  "commands/utility/update-list.cs",
    "monad/src/commands/utility/Update-TypeData.cs":  "commands/utility/Update-TypeData.cs",
    "monad/src/commands/utility/UtilityCommon.cs":  "commands/utility/UtilityCommon.cs",
    "monad/src/commands/utility/Var.cs":  "commands/utility/Var.cs",
    "monad/src/commands/utility/WaitEventCommand.cs":  "commands/utility/WaitEventCommand.cs",
    "monad/src/commands/utility/Write-Object.cs":  "commands/utility/Write-Object.cs",
    "monad/src/commands/utility/write.cs":  "commands/utility/write.cs",
    "monad/src/commands/utility/WriteAliasCommandBase.cs":  "commands/utility/WriteAliasCommandBase.cs",
    "monad/src/commands/utility/WriteConsoleCmdlet.cs":  "commands/utility/WriteConsoleCmdlet.cs",
    "monad/src/commands/utility/WriteProgressCmdlet.cs":  "commands/utility/WriteProgressCmdlet.cs",
    "monad/src/commands/utility/XmlCommands.cs":  "commands/utility/XmlCommands.cs",
    "monad/src/singleshell/installer/MshUtilityMshSnapin.cs":  "singleshell/installer/MshUtilityMshSnapin.cs",

    "monad/src/commands/utility/WebCmdlet/ConvertFromJsonCommand.cs": "commands/utility/WebCmdlet/ConvertFromJsonCommand.cs",
    "monad/src/commands/utility/WebCmdlet/ConvertToJsonCommand.cs": "commands/utility/WebCmdlet/ConvertToJsonCommand.cs",
    "monad/src/commands/utility/WebCmdlet/FormObject.cs": "commands/utility/WebCmdlet/FormObject.cs",
    "monad/src/commands/utility/WebCmdlet/FormObjectCollection.cs": "commands/utility/WebCmdlet/FormObjectCollection.cs",
    "monad/src/commands/utility/WebCmdlet/JsonObject.cs": "commands/utility/WebCmdlet/JsonObject.cs",
    "monad/src/commands/utility/WebCmdlet/PSUserAgent.cs": "commands/utility/WebCmdlet/PSUserAgent.cs",
    "monad/src/commands/utility/WebCmdlet/StreamHelper.cs": "commands/utility/WebCmdlet/StreamHelper.cs",
    "monad/src/commands/utility/WebCmdlet/WebCmdletElementCollection.cs": "commands/utility/WebCmdlet/WebCmdletElementCollection.cs",
    "monad/src/commands/utility/WebCmdlet/WebRequestMethod.cs": "commands/utility/WebCmdlet/WebRequestMethod.cs",
    "monad/src/commands/utility/WebCmdlet/WebRequestSession.cs": "commands/utility/WebCmdlet/WebRequestSession.cs",
    "monad/src/commands/utility/WebCmdlet/Common/BasicHtmlWebResponseObject.Common.cs": "commands/utility/WebCmdlet/Common/BasicHtmlWebResponseObject.Common.cs",
    "monad/src/commands/utility/WebCmdlet/Common/ContentHelper.Common.cs": "commands/utility/WebCmdlet/Common/ContentHelper.Common.cs",
    "monad/src/commands/utility/WebCmdlet/Common/HtmlWebResponseObject.Common.cs": "commands/utility/WebCmdlet/Common/HtmlWebResponseObject.Common.cs",
    "monad/src/commands/utility/WebCmdlet/Common/InvokeRestMethodCommand.Common.cs": "commands/utility/WebCmdlet/Common/InvokeRestMethodCommand.Common.cs",
    "monad/src/commands/utility/WebCmdlet/Common/WebRequestPSCmdlet.Common.cs": "commands/utility/WebCmdlet/Common/WebRequestPSCmdlet.Common.cs",
    "monad/src/commands/utility/WebCmdlet/Common/WebResponseObject.Common.cs": "commands/utility/WebCmdlet/Common/WebResponseObject.Common.cs",
    "monad/src/commands/utility/WebCmdlet/CoreCLR/BasicHtmlWebResponseObject.CoreClr.cs": "commands/utility/WebCmdlet/CoreCLR/BasicHtmlWebResponseObject.CoreClr.cs",
    "monad/src/commands/utility/WebCmdlet/CoreCLR/ContentHelper.CoreClr.cs": "commands/utility/WebCmdlet/CoreCLR/ContentHelper.CoreClr.cs",
    "monad/src/commands/utility/WebCmdlet/CoreCLR/HtmlWebResponseObject.CoreClr.cs": "commands/utility/WebCmdlet/CoreCLR/HtmlWebResponseObject.CoreClr.cs",
    "monad/src/commands/utility/WebCmdlet/CoreCLR/HttpKnownHeaderNames.cs": "commands/utility/WebCmdlet/CoreCLR/HttpKnownHeaderNames.cs",
    "monad/src/commands/utility/WebCmdlet/CoreCLR/InvokeRestMethodCommand.CoreClr.cs": "commands/utility/WebCmdlet/CoreCLR/InvokeRestMethodCommand.CoreClr.cs",
    "monad/src/commands/utility/WebCmdlet/CoreCLR/InvokeWebRequestCommand.CoreClr.cs": "commands/utility/WebCmdlet/CoreCLR/InvokeWebRequestCommand.CoreClr.cs",
    "monad/src/commands/utility/WebCmdlet/CoreCLR/WebProxy.cs": "commands/utility/WebCmdlet/CoreCLR/WebProxy.cs",
    "monad/src/commands/utility/WebCmdlet/CoreCLR/WebRequestPSCmdlet.CoreClr.cs": "commands/utility/WebCmdlet/CoreCLR/WebRequestPSCmdlet.CoreClr.cs",
    "monad/src/commands/utility/WebCmdlet/CoreCLR/WebResponseHelper.CoreClr.cs": "commands/utility/WebCmdlet/CoreCLR/WebResponseHelper.CoreClr.cs",
    "monad/src/commands/utility/WebCmdlet/CoreCLR/WebResponseObject.CoreClr.cs": "commands/utility/WebCmdlet/CoreCLR/WebResponseObject.CoreClr.cs",
    "monad/src/commands/utility/WebCmdlet/CoreCLR/WebResponseObjectFactory.CoreClr.cs": "commands/utility/WebCmdlet/CoreCLR/WebResponseObjectFactory.CoreClr.cs",
    "monad/src/commands/utility/WebCmdlet/FullClr/BasicHtmlWebResponseObject.FullClr.cs": "commands/utility/WebCmdlet/FullClr/BasicHtmlWebResponseObject.FullClr.cs",
    "monad/src/commands/utility/WebCmdlet/FullClr/ContentHelper.FullClr.cs": "commands/utility/WebCmdlet/FullClr/ContentHelper.FullClr.cs",
    "monad/src/commands/utility/WebCmdlet/FullClr/HtmlWebResponseObject.FullClr.cs": "commands/utility/WebCmdlet/FullClr/HtmlWebResponseObject.FullClr.cs",
    "monad/src/commands/utility/WebCmdlet/FullClr/InvokeRestMethodCommand.FullClr.cs": "commands/utility/WebCmdlet/FullClr/InvokeRestMethodCommand.FullClr.cs",
    "monad/src/commands/utility/WebCmdlet/FullClr/InvokeWebRequestCommand.FullClr.cs": "commands/utility/WebCmdlet/FullClr/InvokeWebRequestCommand.FullClr.cs",
    "monad/src/commands/utility/WebCmdlet/FullClr/JsonObjectTypeResolver.cs": "commands/utility/WebCmdlet/FullClr/JsonObjectTypeResolver.cs",
    "monad/src/commands/utility/WebCmdlet/FullClr/WebRequestPSCmdlet.FullClr.cs": "commands/utility/WebCmdlet/FullClr/WebRequestPSCmdlet.FullClr.cs",
    "monad/src/commands/utility/WebCmdlet/FullClr/WebResponseHelper.FullClr.cs": "commands/utility/WebCmdlet/FullClr/WebResponseHelper.FullClr.cs",
    "monad/src/commands/utility/WebCmdlet/FullClr/WebResponseObject.FullClr.cs": "commands/utility/WebCmdlet/FullClr/WebResponseObject.FullClr.cs",
    "monad/src/commands/utility/WebCmdlet/FullClr/WebResponseObjectFactory.FullClr.cs": "commands/utility/WebCmdlet/FullClr/WebResponseObjectFactory.FullClr.cs"
}
